Name;Category;Brand;Quantity;Description
Testi;TestiCat;TestiBra;100;TestiDesc
Testi;TestiCat;TestiBra;100;TestiDesc
Testi;TestiCat;TestiBra;100;TestiDesc
Testi;TestiCat;TestiBra;100;TestiDesc
Testi;TestiCat;TestiBra;100;TestiDesc
Testi;TestiCat;TestiBra;100;TestiDesc
Testi;TestiCat;TestiBra;100;TestiDesc
Testi;TestiCat;TestiBra;100;TestiDesc
Testi;TestiCat;TestiBra;100;TestiDesc
Testi;TestiCat;TestiBra;100;TestiDesc
Testi;TestiCat;TestiBra;100;TestiDesc
Testi;TestiCat;TestiBra;100;TestiDesc
Testi;TestiCat;TestiBra;100;TestiDesc
Testi;TestiCat;TestiBra;100;TestiDesc
Testi;TestiCat;TestiBra;100;TestiDesc
Testi;TestiCat;TestiBra;100;TestiDesc
Testi;TestiCat;TestiBra;100;TestiDesc
Testi;TestiCat;TestiBra;100;TestiDesc
Testi;TestiCat;TestiBra;100;TestiDesc
Testi;TestiCat;TestiBra;100;TestiDesc
Testi;TestiCat;TestiBra;100;TestiDesc
Testi;TestiCat;TestiBra;100;TestiDesc
Testi;TestiCat;TestiBra;100;TestiDesc
Testi;TestiCat;TestiBra;100;TestiDesc
Testi;TestiCat;TestiBra;100;TestiDesc
Testi;TestiCat;TestiBra;100;TestiDesc
Testi;TestiCat;TestiBra;100;TestiDesc
Testi;TestiCat;TestiBra;100;TestiDesc
Testi;TestiCat;TestiBra;100;TestiDesc
Testi;TestiCat;TestiBra;100;TestiDesc
Testi;TestiCat;TestiBra;100;TestiDesc
Testi;TestiCat;TestiBra;100;TestiDesc
Testi;TestiCat;TestiBra;100;TestiDesc
Testi;TestiCat;TestiBra;100;TestiDesc
Testi;TestiCat;TestiBra;100;TestiDesc
Testi;TestiCat;TestiBra;100;TestiDesc
